<?xml version="1.0" encoding="UTF-8"?>
<project-private xmlns="http://www.netbeans.org/ns/project-private/1">
    <editor-bookmarks xmlns="http://www.netbeans.org/ns/editor-bookmarks/2" lastBookmarkId="0"/>
    <open-files xmlns="http://www.netbeans.org/ns/projectui-open-files/2">
        <group>
            <file>file:/C:/Users/Lenovo/Downloads/KasirRestoran%20(2)/KasirRestoran/src/kasir_putri/FormBarangg.java</file>
            <file>file:/C:/Users/Lenovo/Downloads/KasirRestoran%20(2)/KasirRestoran/src/kasir_putri/LaporanTransaksi.java</file>
            <file>file:/C:/Users/Lenovo/Downloads/KasirRestoran%20(2)/KasirRestoran/src/kasir_putri/Pembayaran.java</file>
            <file>file:/C:/Users/Lenovo/Downloads/KasirRestoran%20(2)/KasirRestoran/src/kasir_putri/FormKategori.java</file>
            <file>file:/C:/Users/Lenovo/Downloads/KasirRestoran%20(2)/KasirRestoran/src/kasir_putri/CatatanTransaksi.java</file>
            <file>file:/C:/Users/Lenovo/Downloads/KasirRestoran%20(2)/KasirRestoran/src/kasir_putri/FormOrder.java</file>
            <file>file:/C:/Users/Lenovo/Downloads/KasirRestoran%20(2)/KasirRestoran/src/kasir_putri/FormKasir.java</file>
        </group>
    </open-files>
</project-private>
